Marks_10th,Marks_12th,CGPA,Parents_Credit_Score,Student_Credit_Score,Total_Assets,Fixed_Deposit,JEE_Rank,SAT_Score,CAT_Rank,NEET_Rank,Loan_Approved
88,82,5.62,640,848,387635,3390575,81111,1563,30625,72909,0
78,71,9.48,617,867,683510,871501,14651,756,46941,69110,0
64,70,7.97,662,486,4822340,4470168,46119,1446,44647,2979,0
92,55,8.08,681,744,4878972,4485715,28931,1258,12412,9423,1
57,55,8.06,532,869,6435787,1205344,85708,1064,19466,43627,1
70,97,6.49,643,662,1793481,695328,11802,1414,38217,89234,1
88,53,9.68,848,422,3161342,426561,51361,484,19643,56175,1
68,79,9.74,852,487,700198,4255871,87909,1020,31263,96357,0
72,60,8.13,828,719,497891,3086263,16560,1454,30364,37744,1
60,79,8.92,870,551,3181362,1779361,32335,639,2108,70462,1
60,80,8.06,482,848,4794505,4811436,13289,762,7929,57200,0
73,73,7.42,340,634,3747965,3770713,22399,1221,48003,29431,1
85,58,8.3,850,391,1141566,634913,76231,1067,19318,28835,1
89,52,7.77,696,829,5181502,1531193,12192,498,49079,24436,1
73,80,7.99,793,362,1719282,927999,18052,446,25018,87213,0
52,89,8.92,632,811,3534078,2938339,61716,1238,13529,55798,1
71,86,7.4,426,438,9559521,2043764,10738,821,13314,43555,1
51,85,5.2,857,484,3397466,404768,65141,461,1560,54556,0
73,73,5.82,856,504,4541971,4255576,25252,1532,15168,85351,0
93,80,7.19,300,513,4950825,259264,50976,1542,15344,14717,0
79,55,8.62,467,555,7423777,4016622,5148,1409,38599,60262,1
87,51,7.97,318,434,6905697,3834977,50509,997,7524,27529,1
51,69,8.25,631,872,9375707,246538,52225,791,49778,1996,0
70,77,7.4,883,387,5695095,4719751,19644,1376,28440,22415,0
82,60,8.08,755,506,7538096,3619134,38968,1475,15525,13845,0
61,53,6.65,408,428,3153407,163706,98851,1002,13286,36660,1
71,64,7.35,567,302,1517231,3350552,40734,736,10974,15523,1
93,55,8.72,744,420,507974,4958122,84004,1209,22695,74035,1
74,98,9.36,539,684,3704724,837150,34809,1151,35775,42323,1
98,79,7.17,600,337,6918922,1796852,67289,1559,4303,67639,1
76,87,5.22,402,640,6947575,4546857,58960,1280,22392,8525,0
91,51,5.81,549,320,1251882,52137,1850,1034,4612,30847,0
77,64,5.1,752,541,6556182,1451945,68179,653,9373,73644,1
65,60,8.27,819,754,8218612,148925,67137,1537,24313,60097,0
64,57,6.66,452,602,9432739,2643819,60741,419,14081,83805,0
96,75,7.71,473,895,7099366,3304900,86323,927,15083,47704,1
93,94,7.47,642,894,2571321,3806098,44566,1568,47410,24400,1
52,93,5.41,730,368,800270,385233,20184,775,42862,75161,0
86,54,7.02,623,428,8579025,3549730,1133,565,30678,92663,0
56,55,6.1,719,495,4722942,2570272,38260,1260,20875,88668,0
70,75,7.09,893,439,9549168,1744635,96613,1016,8379,48592,1
58,53,6.02,784,743,292458,1967792,63669,1011,1598,20715,0
88,68,9.2,711,582,4818912,234062,38564,902,11601,35878,0
67,69,5.87,383,611,3996937,2165138,92228,1312,3748,84107,1
53,82,9.8,412,834,9897399,441978,10932,478,13880,78019,0
74,69,7.08,631,576,5597963,3512646,73170,984,13018,99855,0
63,98,9.23,677,360,4202553,3901865,50640,1087,24816,59137,0
99,61,8.14,340,618,8534858,4160579,58902,795,18965,33415,0
58,96,8.68,404,351,9839458,1163891,1045,1526,28813,86577,0
75,50,8.84,501,452,575147,712214,46692,801,40201,78944,0
51,75,7.52,749,610,3117193,1770143,24364,1374,24715,45469,1
69,63,7.72,565,843,2212368,235687,46695,623,18891,98842,0
77,87,7.57,509,866,6918753,2949701,1583,917,4726,79703,1
96,86,7.94,862,688,976336,2252365,79911,1033,43206,72109,1
56,60,5.15,417,847,6536737,2771856,66845,635,20685,98539,1
93,85,6.98,676,476,4998107,2081088,21302,515,26326,92509,0
57,62,8.03,850,661,5882197,2123048,74330,1586,32543,46836,0
96,92,7.99,839,613,4171867,39813,1621,625,46038,63334,1
84,52,8.96,383,396,7210953,3221407,62225,629,13093,42465,1
63,82,8.28,753,512,1518060,4870345,56656,581,30383,22924,1
66,55,9.96,813,436,4328087,3945388,95420,609,39771,61856,0
85,99,6.42,686,305,4328456,283541,37535,495,25458,67446,1
99,59,6.8,649,408,4739022,3759199,39391,1293,6132,98385,0
89,54,6.92,595,846,5896260,1625181,71630,1155,46030,67620,0
53,72,7.33,557,338,8637333,3334714,55857,1509,25216,46147,1
51,59,9.18,380,724,8979823,4044649,49253,814,12613,60033,0
55,93,6.18,567,560,6097804,3148893,55810,793,37306,17141,1
91,51,8.88,718,725,2368693,3856342,22260,1095,13092,2671,1
53,62,7.03,534,386,4024152,1360816,20656,1243,35104,36520,1
78,89,8.01,610,764,7788659,2423081,33006,1003,37090,44513,1
67,51,8.16,656,375,9396625,780348,31630,981,29760,57812,1
75,69,6.86,512,770,8810506,2831058,23611,532,46023,14692,1
93,50,7.56,873,713,785338,2047171,57185,1190,560,34263,0
83,86,7.07,348,756,3602415,468819,21603,1048,714,54893,1
59,58,5.35,426,584,6434625,1218060,85946,620,37362,25596,0
85,66,7.19,522,538,8543353,454874,11111,1375,15185,57208,0
63,58,5.49,578,898,1783032,3938683,6074,1469,15262,33441,0
80,60,7.03,707,857,5332651,2118701,80819,1187,20373,8631,1
97,64,7.96,804,671,6054632,3620160,10196,1090,32141,31251,1
64,73,7.9,593,794,2218219,2064048,1538,438,33025,94335,1
57,87,8.31,576,344,2248185,1073692,17139,1089,47343,98749,0
63,84,5.48,737,700,8533864,4748637,44329,561,32545,77519,1
72,79,8.26,406,546,7137449,953831,46203,1527,38,74192,1
89,80,6.56,719,896,8990872,4240013,40165,560,43033,64792,1
70,98,7.0,728,749,3446145,3084795,89744,1477,12698,84119,1
65,54,9.29,674,784,9428303,1740841,54660,1457,41421,63754,0
94,93,5.05,372,317,2283955,3883691,86156,641,48699,60521,1
67,99,7.94,329,588,9740998,4433471,49693,1366,31708,4009,1
96,63,7.99,487,713,579809,4061939,24846,1289,26017,44465,1
73,60,6.98,663,534,2750432,4509367,89847,512,34601,497,1
75,58,6.19,750,715,4275282,879953,30563,1413,48286,99768,1
74,83,6.17,494,798,5555483,2593273,28037,717,23985,23213,1
94,61,9.42,455,414,6964547,3108056,60753,422,5168,20638,0
90,84,7.21,471,533,1867413,2326374,74234,1223,433,45228,0
78,84,6.65,340,839,2673697,723806,83050,1541,4152,82414,1
64,50,7.24,362,310,3700952,4203616,68682,1100,47681,83347,1
94,89,8.35,322,505,2071277,3449187,27819,1418,6412,9885,0
50,71,5.73,659,546,5646510,2767506,30545,1536,30789,68260,1
74,78,7.25,374,858,9433348,760774,62533,1467,26624,49811,1
56,57,7.94,859,426,7996403,3367963,78637,527,22105,4762,1
58,60,9.74,417,446,6197020,934993,57706,1275,257,73167,1
73,90,6.26,679,417,5454342,363791,20105,557,33440,16376,1
50,86,6.8,589,681,1296311,3450227,69604,1226,33258,25219,1
93,63,6.9,739,711,242157,1394525,59026,1251,39658,30566,1
57,79,8.03,306,883,4888109,3527778,96265,911,44675,32976,1
73,84,6.78,495,662,1562603,126220,32318,444,18067,27074,0
60,70,7.67,720,808,9763637,231421,31417,1531,45372,69727,0
66,86,8.91,867,436,236645,359317,42013,618,32747,1884,1
57,54,8.53,492,474,1752131,4992732,68046,842,2461,68423,1
84,68,7.23,858,588,1286837,3931087,21401,714,37298,49630,1
84,63,9.32,447,780,8830829,2937971,48271,576,34744,64171,1
82,75,7.79,501,318,9668188,1042469,72070,627,3217,74490,0
54,53,7.7,743,494,7945219,3158817,49834,666,14268,8382,1
91,74,5.17,718,629,153687,1341379,63645,1269,9582,23239,1
88,94,9.93,726,474,2590272,3668997,80207,1237,4516,13796,1
90,91,5.61,778,748,6943308,4551490,69469,888,22077,95965,1
77,74,6.16,774,653,5273395,1427191,59474,1101,44817,63000,1
56,67,5.26,425,798,2729137,3357526,45810,1086,9777,49908,1
58,89,8.2,694,440,4876415,3487983,38329,1395,21948,9639,1
57,57,6.12,875,392,7308387,4441407,36785,756,2964,70468,0
61,88,5.9,624,538,6992180,699925,23724,1271,6787,42624,1
83,89,5.44,691,504,3961607,2196394,60647,603,13867,38493,1
82,63,5.52,739,859,4224390,1057146,66256,951,38969,26412,1
97,81,7.92,503,732,2756222,1212532,75,722,32306,20535,0
72,87,8.44,785,544,9615717,2691478,26499,993,17361,29182,1
73,82,6.99,330,616,4534315,3003220,65523,580,40114,19997,1
86,72,7.4,687,594,1653744,770330,96882,898,32814,72090,1
84,64,8.43,733,581,4366988,2942878,20542,482,1194,83610,0
93,82,5.09,675,316,5793014,2840527,45930,702,4513,72667,1
89,74,6.62,643,370,8221485,832564,26029,661,22667,29406,1
71,66,9.87,742,568,5559501,2405406,29546,1183,16631,71326,1
76,82,7.9,878,624,7675327,3481888,79570,1313,8984,28931,0
84,96,6.27,374,604,4113582,2153385,31674,1091,637,17530,0
50,51,7.61,856,750,2972875,2078884,30975,1343,3776,53547,1
84,63,6.71,454,306,1941646,2558600,58900,1082,2422,7943,0
86,89,7.66,729,613,5900545,4953114,23098,1088,13026,7549,0
96,89,5.63,662,402,8070564,2213463,93145,795,9281,18297,0
63,88,5.66,747,492,8138508,3714425,64825,1561,36952,51017,1
52,55,5.72,533,873,1696246,3926247,23526,1238,11352,97781,1
50,55,9.7,862,828,8294253,1995404,57805,1277,49865,297,0
54,52,8.66,561,470,4528622,2136861,15044,1222,38092,67946,0
75,56,5.81,424,836,2569930,3789337,41847,1552,45657,59981,1
63,57,5.94,544,550,231936,2061723,77262,448,30172,56783,1
88,91,8.65,841,686,8326036,1058939,50228,1188,3645,34230,0
76,64,5.78,784,506,5252030,3952518,53029,692,16143,96383,0
58,96,6.17,421,840,4942256,4699133,37384,935,7774,53445,1
64,78,9.82,424,715,2569970,4188465,29484,710,28467,35037,1
64,82,6.28,848,679,5162581,406456,7266,936,10779,39323,1
75,79,8.31,469,443,9785181,908704,22764,1038,12502,27168,1
91,88,9.89,423,324,5412470,3771090,75653,633,47178,51668,0
62,76,6.87,334,372,2678682,185037,15734,1004,2109,94528,1
81,85,5.09,386,392,1604900,4412910,91039,493,29370,83338,1
88,78,6.22,500,804,8680504,2886262,37421,726,36383,51469,1
98,87,9.15,668,897,5383422,4192531,9248,624,25819,72895,0
81,82,9.32,376,635,4707765,3281593,23841,1366,10252,53085,1
53,86,8.84,358,724,9571937,1039516,65150,1289,23342,63139,1
79,76,5.57,730,798,7257676,1706609,21059,410,11679,22589,0
86,82,8.98,799,663,2480612,3579769,34930,1435,14368,62902,1
72,53,9.59,408,498,8722587,3619684,84172,434,29673,17672,0
88,71,8.0,577,712,8766712,38885,91165,846,4333,83039,0
94,51,9.7,367,638,5319574,4600723,31363,840,12003,90665,0
64,59,9.13,368,728,5669451,2822753,86490,1052,20285,31646,0
92,54,8.33,464,438,4891882,4599764,84665,994,15701,7638,0
78,59,7.89,788,841,6962758,4564770,47357,628,13770,661,1
85,82,6.74,604,356,1095893,3139985,77598,743,29319,6923,1
62,87,5.8,664,531,2770492,1389339,6042,1503,24324,93698,1
81,62,8.02,678,734,7454421,2128736,78210,1388,27611,44722,0
56,80,6.59,642,683,3077299,1853529,61955,1551,6964,57257,1
71,96,9.33,853,859,3034317,829973,61870,1308,7839,69507,1
77,85,9.97,653,493,4637454,2660503,21060,926,45168,68944,1
51,94,8.76,715,833,8251168,1128844,99865,474,12244,27844,1
91,73,5.45,408,817,1646064,2887746,44723,595,27940,9047,1
94,64,6.44,862,484,3340641,3806234,17549,428,1846,89337,1
55,78,5.55,796,591,2815548,1438926,15079,1105,46711,63986,1
77,57,8.25,640,634,879091,3904142,5420,1420,16767,80084,0
77,54,8.83,682,415,1806930,3326363,35491,415,36881,96926,1
93,78,9.63,832,348,6067520,1467913,76087,1204,12781,30347,1
93,96,7.19,599,381,1064795,1977754,58761,1339,48459,88285,1
69,53,9.51,438,632,1678458,1256729,30338,1366,42857,91385,1
79,61,9.39,658,856,8758123,2791652,1469,1500,1510,53527,1
60,94,6.59,798,634,6081804,2101219,24310,628,23958,73144,1
77,51,9.34,684,831,7683491,998167,66345,1361,45173,36788,0
74,76,6.88,579,520,771986,4227635,90284,1114,34347,33584,0
88,80,6.48,782,622,8626508,4227308,72256,1383,17264,12564,0
82,85,8.25,410,302,7945772,3394169,81900,972,46875,46061,1
50,85,6.64,438,505,9772891,3012827,28719,1014,26149,33691,1
76,75,8.15,734,339,8148056,3559436,94338,725,31534,94713,1
62,92,8.05,808,358,7089875,458013,37842,1274,42609,14926,1
90,76,7.82,572,873,9991669,2296319,73549,758,12932,86788,1
52,54,6.9,398,806,9001674,941253,83566,723,1360,83185,1
88,69,7.74,403,871,4108146,1854053,46661,564,24533,20109,1
55,60,7.98,513,421,2461331,552955,50282,1197,20345,76516,1
57,59,7.73,464,778,1258343,3560227,768,854,4243,68259,1
76,89,7.22,819,395,641529,3317735,3896,1576,20602,5356,0
58,87,5.07,583,713,4448530,4801126,58027,1550,49233,46070,1
86,55,7.94,816,534,8383161,1808278,42969,592,19117,94336,1
82,57,5.84,463,361,5256758,3318424,40098,1026,35478,54472,0
91,72,8.21,363,555,2253548,383145,15333,929,30783,32706,1
93,96,8.8,390,860,8607528,3464373,14622,1433,45560,43910,1
73,75,7.5,416,647,506547,2063413,76871,491,49820,88607,1
64,95,7.71,566,423,1757583,4998604,18175,538,18881,53740,0
81,92,9.76,858,781,163014,695611,99190,880,3500,76821,1
81,61,9.24,439,616,6577006,1667387,40503,848,31588,87274,1
73,75,9.57,545,803,6010494,2801241,36675,1268,44459,23242,0
90,62,9.07,694,347,1335382,2647174,37261,739,26021,27415,1
98,89,5.54,786,708,5328298,1230985,42499,1475,8081,50819,0
98,67,5.74,775,435,4632889,3589269,67610,865,23208,20896,0
61,74,7.63,816,500,8845386,355744,49465,1117,33958,92308,0
88,82,6.23,483,549,9786290,2038594,71806,1198,13909,62410,0
51,96,7.38,319,613,7875679,1853441,64920,874,30653,55325,1
52,89,6.97,857,667,3232293,2614325,54470,800,30345,66921,0
98,92,7.75,823,728,4132371,2771623,17195,1004,25035,53556,1
86,61,8.73,881,779,2702352,1686850,26812,1331,25789,65454,1
98,93,8.58,828,613,1631817,3793799,72378,1396,12752,22690,1
66,85,7.61,446,799,6867835,1866759,43724,1321,47483,64357,1
98,97,9.11,603,654,2115074,3896932,75236,1220,33794,93012,1
51,53,7.15,881,784,5815175,442184,76299,1056,32840,8253,1
51,54,9.48,527,510,7845863,1219725,59239,997,38315,30845,0
77,86,5.36,401,343,4820058,2346806,2148,1576,35454,95688,1
72,57,9.77,886,840,6719511,4632295,98920,913,9386,23366,1
86,91,8.27,716,870,1902502,3344944,99252,1429,18233,6027,0
81,98,6.9,515,882,1562538,2918087,38446,899,43345,98304,0
82,77,5.99,706,391,6479878,668139,53804,1116,34791,28524,0
50,80,7.4,698,564,5845980,2980424,61109,1541,15832,10483,1
68,58,5.97,798,519,2126819,4115513,2014,1000,20126,48889,1
51,78,5.83,764,741,5309995,4327293,85618,1065,45709,50111,1
93,63,8.09,381,700,4034053,4480697,82411,867,17683,90645,0
75,89,7.62,664,699,7732749,3071481,53503,560,36871,494,1
81,90,8.35,462,875,5964075,2741801,37756,669,17289,56195,0
55,71,9.65,347,789,832722,309850,8734,1479,35795,82002,0
81,60,7.66,810,784,5180692,3961382,9480,627,39478,39768,1
53,72,7.9,628,769,6125261,51139,75362,1248,24406,29551,0
60,50,5.45,415,873,8345044,4843511,21305,548,38738,13834,0
66,95,8.59,636,744,9689455,781965,35695,1469,2621,2971,0
87,86,7.0,446,568,9522712,313446,81172,1567,35415,98316,1
73,70,9.88,874,566,3975416,3381484,86297,1031,37634,95495,1
54,75,9.12,622,353,5138460,1408558,9491,812,35058,82682,1
83,95,7.61,742,827,9704661,995663,21253,919,40139,49178,1
55,85,5.62,312,819,7417619,2771158,6863,786,13855,67343,0
71,72,9.3,793,358,6138602,1727479,69960,674,9678,71201,1
60,50,9.0,586,339,4201599,1808432,10451,752,44112,61502,1
97,89,5.92,413,536,1490598,1055716,56023,1489,24075,28901,0
65,64,6.48,779,685,4646925,3833873,61992,1502,17825,14127,0
82,70,8.97,321,599,9220266,2971937,40928,997,766,70691,0
58,96,5.93,648,694,4979797,4104638,88091,957,45440,87745,1
55,58,9.59,865,506,3875702,2945012,49854,512,31616,79304,0
65,58,7.12,619,635,4190284,3703793,31827,1514,48927,85580,1
78,59,5.44,425,892,6870161,2130700,42880,540,36861,47995,0
52,75,9.08,576,813,6998410,2563589,57266,1129,12976,67062,0
69,90,6.87,503,477,2555918,1708413,72362,988,9342,99065,1
85,84,7.63,493,695,8153048,2541069,77991,810,28142,16979,1
68,74,5.56,846,670,8193212,4648807,89788,776,12335,56345,0
75,75,5.01,585,617,8799043,147799,86185,1575,48846,46649,0
52,60,8.19,356,668,8647085,4970124,40737,1150,15836,1056,0
68,87,7.58,602,683,7688173,191789,24531,1026,26549,75583,0
69,51,7.97,462,361,8055229,3827780,78053,1394,35435,81215,0
81,56,8.97,318,804,7210928,4180163,47059,1102,25040,44877,1
56,67,8.23,669,538,3830370,4638656,74095,861,32531,92161,1
90,76,5.87,563,494,3788173,812009,74256,411,38737,38726,1
82,83,6.8,412,521,9835260,4316080,4887,1579,40410,5256,0
89,76,9.53,787,360,6805836,222803,93722,876,18566,74948,0
88,66,8.85,626,428,8109806,2265913,37388,1338,9835,53381,0
67,92,7.78,841,455,2080407,2464244,21576,800,36657,53334,1
89,93,6.28,878,677,6243192,4225645,39644,1207,841,42460,1
50,73,6.51,364,885,3377746,1264329,10101,576,13874,36164,0
60,74,8.66,591,736,901125,2880581,60357,456,31569,33972,1
77,56,9.26,324,506,2486537,3504679,7857,847,10847,96772,1
74,55,8.36,848,687,3098778,88840,38170,602,5900,65150,0
99,73,9.05,300,779,2793695,171297,28805,1137,20503,84731,0
72,82,8.83,848,639,1868693,2979656,35791,601,566,19477,1
80,98,5.75,440,639,9798623,1941375,30989,762,38774,68581,1
79,78,7.12,487,503,5354230,4253460,76449,1291,41925,86594,0
91,92,5.76,427,460,3956600,2315433,38507,853,43243,69051,0
84,71,6.18,500,839,201894,4230242,87905,755,9188,75527,1
56,75,9.35,426,691,1508277,2097001,67307,615,7227,7508,0
65,77,7.36,556,874,6288753,2691722,12306,1371,42148,70394,1
75,99,7.68,846,833,3667945,3465673,9970,954,38659,12119,1
97,70,5.89,493,369,3766569,4606985,12405,1286,45882,50530,0
98,98,6.56,403,704,3329112,1741530,8990,422,4312,68683,0
51,56,6.15,834,890,1148966,3422635,65306,554,44215,91938,1
50,66,6.03,564,816,7920783,151900,35984,648,41617,54177,0
97,69,8.19,683,419,7975889,3383694,39463,1148,25690,91714,0
61,90,6.28,559,516,4316794,3987497,19361,1204,6084,4415,1
54,98,8.16,713,355,9320915,678875,85658,533,12599,83031,0
86,69,5.29,657,665,2189632,4800287,26288,720,16941,85974,1
81,71,5.71,374,803,7934112,263078,65473,789,26881,62138,0
58,77,6.37,654,754,4899412,378893,61314,833,2581,3938,1
90,89,7.99,883,403,7829578,3111883,34161,1445,46613,36732,0
84,98,8.38,487,376,412579,725295,6790,1272,42322,86863,1
68,56,7.21,589,529,6907040,1888798,27182,1548,9387,38666,1
97,50,7.23,344,557,6455421,4010740,14386,1502,19523,74511,0
65,81,8.62,872,563,1663825,1002652,82598,1257,26225,17501,1
52,62,5.08,382,630,3618920,1064212,65642,450,14636,1751,0
69,79,6.71,422,481,4128604,2368730,44248,575,672,65019,1
73,72,9.09,657,849,7533980,3495001,86674,1269,33546,4028,1
82,68,8.02,827,326,1624631,2090563,5545,652,26856,5746,1
73,81,6.69,365,575,9680498,1978972,13276,1365,35791,61732,0
60,79,9.53,674,598,5324369,293816,63249,1138,46586,86985,1
98,78,8.86,461,390,5061914,1850820,34551,1529,14261,28452,0
57,98,6.32,679,779,7695853,4725697,53694,701,1075,93744,1
85,94,8.23,657,872,7750961,2686073,19642,947,42677,71475,1
87,78,7.98,487,757,1006395,2687374,71750,1115,9476,61537,0
89,79,7.01,621,750,2044606,2734903,80022,1178,12879,12151,0
69,65,6.83,749,664,8388515,135851,15606,667,15121,13407,1
84,89,6.72,773,650,4905028,2660527,50714,1593,23148,19782,1
97,68,8.09,312,699,1070278,4871282,20391,1409,1987,57418,0
74,67,7.21,483,552,8984527,804878,75404,950,43594,18326,0
84,50,9.16,410,758,5371513,2063262,58467,1564,32431,68685,1
74,63,8.35,807,798,5105231,1947135,3982,1569,41962,94416,0
78,96,5.35,589,807,3048134,2418163,9494,713,17431,73470,0
67,99,8.2,594,603,1447203,2551396,71219,583,2177,9437,0
95,51,6.36,750,800,6766781,236179,71319,1112,18723,17670,0
67,77,7.96,514,897,8955197,2082171,95336,527,42816,72011,1
51,98,8.4,866,465,1287018,3658444,16985,1099,49653,76765,1
84,99,6.15,326,714,5197579,4554340,22761,785,18618,99075,1
65,79,7.28,530,761,7511979,2489340,91530,670,27116,1844,0
90,87,5.95,864,413,2367357,1210346,1525,1210,37377,65610,1
85,53,5.26,620,732,1899971,495287,49403,814,11907,50813,1
82,50,6.89,532,655,9632945,3993820,91657,597,40003,16060,0
53,57,6.81,736,506,9913081,3977610,65615,1479,6611,86270,1
82,78,9.98,832,534,673881,1770399,35892,1230,43293,40769,1
63,88,7.23,702,741,9507062,305901,91010,1027,49753,25396,1
70,52,6.67,352,654,6396665,3094903,39833,1003,13412,20203,1
97,81,7.9,612,814,5993868,4145247,45837,1561,9181,13274,1
69,59,5.44,580,507,7709387,4153403,73954,1480,47994,48890,0
57,59,9.81,330,424,5352807,2213531,13363,1409,10074,98636,1
56,68,8.17,636,437,3978551,1079412,66746,470,37252,73049,0
52,95,8.77,482,638,3401394,4425743,37922,1310,30961,93768,1
66,83,5.85,322,836,2927364,2042623,70435,993,5902,88811,1
82,82,7.05,843,367,3454513,1245296,18563,999,38898,45511,1
97,72,7.11,745,872,1713560,3313131,64511,913,43184,87946,1
61,77,9.11,373,840,2393673,2963028,76408,483,4483,70650,1
71,81,5.01,309,682,3575488,4821701,7611,1393,42455,2882,0
71,99,6.5,783,318,3120745,407595,92919,1466,25429,45914,1
95,56,9.91,755,749,4744068,3803092,15792,1238,7401,84786,1
79,78,7.37,865,373,3402923,1741041,58048,1005,39575,65038,1
87,57,6.91,863,872,5743893,3600511,67907,1209,43285,62458,1
87,50,5.6,459,575,3295741,2427209,19666,532,7397,35344,0
94,52,9.87,313,347,8705094,536925,70247,1488,7339,62390,0
57,73,5.1,477,510,8915496,2935609,65865,689,42719,78251,1
76,72,8.69,711,839,935988,3918005,46452,775,12501,8657,1
76,57,8.84,352,490,5204459,766547,86149,1168,11546,5742,0
83,96,6.22,707,614,8203670,616752,45891,866,5242,16662,1
70,86,8.36,321,862,650428,1349462,6795,1571,23779,97092,1
79,52,5.46,329,861,2189706,2220920,32889,870,22822,28691,0
82,82,6.29,559,412,4405665,4833416,6750,548,4696,32834,1
77,77,8.94,504,469,2989190,1147317,46532,487,11531,71241,1
96,96,9.32,358,767,8885780,2967532,20609,795,47081,77712,1
82,57,8.04,770,313,9103281,2176354,80987,1189,14319,57142,1
54,83,7.53,765,587,7851938,309189,69212,1505,22332,78233,1
97,84,5.8,311,488,7760678,1569049,83997,1264,26356,39024,0
68,81,5.32,589,454,355658,2264851,56018,423,11325,40210,0
53,73,5.59,653,866,9979249,2384494,57677,1355,28150,93591,0
84,63,6.14,374,770,1830283,865953,11561,710,3219,86613,1
98,81,6.71,860,374,9242693,514655,54402,1063,20142,80523,0
66,95,6.9,890,576,6495300,3786487,50469,837,36785,14441,0
93,92,6.73,740,642,5129792,3971635,32464,1105,2838,7961,0
77,65,6.2,540,724,6489690,246824,31664,821,49081,22463,0
79,53,7.55,453,870,6866174,3667942,68707,720,39803,17822,1
78,86,9.13,395,810,851993,1077979,58774,986,40078,57773,0
95,70,6.4,593,481,9214179,3159409,33124,1346,14380,27259,1
55,63,9.71,508,757,928282,4558003,94347,1586,4240,92890,1
84,80,9.37,642,363,8960369,4035282,9719,1588,44897,88953,0
90,97,5.81,387,559,6715920,1698124,62638,1248,20813,62525,1
86,67,8.93,689,492,7413367,3853380,29,441,29670,22116,1
73,56,7.87,624,705,7459659,4176289,62371,1338,48625,46434,0
78,59,7.83,456,392,7763998,2736826,47600,786,9612,90505,0
98,56,6.96,876,729,5565513,1816242,17398,1561,4151,88268,0
95,82,7.51,436,733,417942,103246,45407,1309,11110,88322,0
80,72,6.99,727,703,3994456,218886,47658,1115,34215,79365,0
84,70,7.7,751,733,437462,2377713,67561,830,26017,70078,1
82,68,8.14,440,411,5709210,1439608,13504,953,11937,40645,1
70,97,8.37,382,674,4028207,4073068,54944,1199,11037,62644,1
81,68,7.66,476,358,8910381,3400888,75840,825,39237,13312,0
72,85,8.61,497,342,2530630,2294798,82675,425,14022,30532,0
82,78,5.71,867,506,4663167,1542337,25346,784,36944,14589,1
52,67,6.06,720,595,7563131,793566,50391,455,48159,49417,0
67,51,9.09,700,417,2895126,2921259,95042,1033,37849,12381,0
74,50,6.61,770,831,7714896,2077791,59558,505,15472,42646,1
91,96,5.11,517,521,5662632,4739924,65055,1553,47662,17819,0
80,54,5.77,474,465,6498905,789105,1907,1248,23245,30858,1
52,69,6.12,322,455,5445708,926992,40168,1069,48778,21712,0
89,60,9.79,534,483,4366399,230326,7962,775,38986,5098,1
95,91,7.87,312,389,2827364,4523552,26141,1142,38441,28394,1
73,51,9.66,400,393,8576201,3532810,58702,1366,1503,22077,1
99,52,7.88,835,312,9179860,3236458,77568,707,34179,84275,0
81,72,7.4,822,737,5682266,1456743,80665,490,3771,57610,1
96,61,6.57,751,837,1002473,4494781,81200,1201,42866,29318,1
71,69,8.03,730,886,226202,910853,99765,509,4002,58481,1
72,54,5.7,832,449,8607150,4457321,81219,984,20947,7045,1
51,86,9.49,592,307,1517158,661824,80730,739,599,71034,1
76,87,9.15,400,328,1935932,4537549,28562,1378,30317,55487,0
91,79,6.59,801,595,2772762,2916405,50569,755,25568,55163,1
51,58,9.76,603,639,3816434,3181222,73303,567,26509,79288,1
75,83,9.13,839,738,555433,4579146,95381,956,43745,29883,0
66,93,8.33,852,443,8578748,2480856,94969,1304,39160,54079,0
89,84,5.61,654,818,1615554,3149782,29505,504,30277,58735,1
82,71,7.39,602,344,1684645,2387942,37147,549,23672,43827,1
58,93,7.53,795,538,9935915,1660224,40298,545,16451,87986,0
92,73,6.16,526,454,3330786,1358055,86395,1115,14909,44029,0
97,66,5.4,535,480,4776103,865783,68608,1273,44359,51332,0
88,59,8.88,754,514,3516403,2240653,16940,698,49048,98939,1
78,79,5.61,312,387,7739214,594942,90468,1590,35519,32544,0
91,95,7.97,509,555,7790115,4573870,50716,1045,31213,29363,1
75,72,9.68,696,810,3721420,1430654,44461,1122,42685,27316,0
84,81,9.38,399,372,4043439,2227127,66577,1471,6807,27747,1
99,66,6.39,330,478,1351661,733503,68223,1037,39198,10058,1
74,99,9.26,827,511,1214100,3509058,12667,638,40892,42916,0
73,66,5.0,628,533,7916184,3522106,62120,1430,18016,21062,0
62,63,5.09,465,764,1609390,358848,35322,863,39221,51371,1
56,58,8.01,758,522,2107878,2007179,1780,852,17159,34158,0
85,89,6.82,399,563,4812037,1491177,13187,1183,15457,11323,0
94,51,6.93,472,506,8804225,176991,16460,1296,27589,69813,1
69,94,7.82,461,665,7328840,4301256,86247,770,22492,77843,1
50,74,5.96,562,575,1904053,4002942,87756,886,24189,34018,1
57,88,6.06,573,679,9581623,2440412,5058,564,27080,56793,0
95,58,7.42,302,608,6381328,4670110,60664,1548,4020,27743,0
65,71,8.77,327,567,4570756,886058,18734,591,12420,97137,0
63,92,8.1,625,363,8580171,2153167,19158,1129,33698,64809,1
61,95,6.49,448,649,9834409,112877,35031,613,19397,17630,1
72,53,7.15,839,793,2927754,3678893,19614,973,39033,8246,1
64,75,5.85,787,822,5053799,4598226,83029,1356,29893,96951,0
77,78,5.37,737,397,8339115,1555329,86283,780,7974,43871,1
83,94,8.91,364,370,8451184,3082753,5189,1072,42466,95635,0
51,83,6.33,655,663,9506105,401670,29681,1197,21114,64830,0
81,72,5.89,832,869,3839469,4636043,60120,638,11137,10589,1
72,86,8.46,551,575,8742979,1704512,74401,1099,19204,443,0
71,60,8.09,534,349,2299318,3828806,55719,1505,31286,77340,1
74,55,8.17,526,657,5357386,4816100,36446,904,23040,40722,1
71,67,6.14,824,863,3194510,4943431,5797,601,1185,37146,1
71,70,6.16,612,784,9650788,1360339,47219,1319,22728,10600,1
98,91,6.1,348,383,520888,3429998,39132,436,16912,72595,1
91,85,5.87,417,883,8395953,4162363,8124,1043,917,82743,1
55,90,8.28,353,595,9851741,3744942,8223,1164,3575,77431,0
64,87,9.24,864,535,5670090,50633,24075,1105,36088,2940,1
92,83,8.62,343,355,290285,1267302,29826,1599,17791,22150,1
86,66,8.96,352,659,3296699,1061893,36840,944,17626,66568,1
82,86,7.02,885,409,2311130,4511428,68323,939,5207,10209,1
57,74,8.27,857,491,1307739,1888166,56322,1416,19518,66099,0
93,87,6.77,824,392,8276958,4915627,99175,793,49951,49493,0
93,61,7.63,401,867,3228411,3596575,25989,1232,37697,20952,0
54,72,7.41,697,359,5230418,3860404,35508,1465,16106,48921,1
88,91,5.88,437,338,2816826,3433376,99245,996,35657,46767,1
53,71,6.94,686,839,1588543,2831105,98645,792,2691,57015,1
55,70,9.82,410,348,5953294,1882204,95252,1099,36860,28352,0
94,76,6.24,316,719,6029191,1910946,23807,840,46729,84217,0
81,80,5.67,481,312,2802303,936109,36902,1317,691,49387,1
79,55,7.09,835,335,2537587,718669,17044,719,25104,87123,1
96,76,8.95,840,400,6517115,4237939,75762,952,34264,9309,1
84,89,7.91,470,385,5687757,2317539,9753,1494,11086,59253,1
89,83,8.4,708,815,1211288,3236419,68994,967,25826,75146,0
65,61,5.95,677,522,3398273,2606882,42617,1318,10721,95032,1
62,94,8.09,487,637,7416359,3975292,52128,635,38642,83212,1
99,56,6.62,529,465,9092719,1016891,74778,1386,37272,28065,1
91,59,9.17,418,682,9641399,3957526,454,1585,11721,53880,1
79,94,8.15,455,675,6423686,737467,75433,1432,46733,8721,1
68,66,5.99,764,770,9236556,4660100,87363,459,898,42941,1
66,75,5.32,403,330,6694244,3008851,10977,1292,17095,79994,1
68,70,5.21,801,674,931635,3671306,99123,624,36464,68476,1
77,77,6.86,474,310,1567217,2033969,70405,1099,35455,47114,1
75,95,6.33,720,601,2844686,1007057,81933,981,23573,48927,0
86,51,8.23,433,395,3330545,3684153,97171,1393,38547,38204,1
75,92,7.5,690,489,7678689,4758584,77708,568,15151,88902,1
72,50,6.33,800,752,7657065,2222292,89648,1485,16800,5393,0
58,85,5.75,332,491,331414,4380297,33689,413,9664,25906,1
61,75,5.64,354,785,2502110,3628313,86841,563,36949,73509,0
50,78,9.32,818,565,1743083,2960501,93790,1156,37031,50386,0
50,70,6.22,311,723,9899416,1394410,96517,1451,27008,30654,0
96,60,8.26,827,427,5150058,2317199,2018,845,35284,91866,1
83,89,9.05,854,537,121650,296100,7958,1115,25672,84721,1
81,60,8.07,672,654,1504962,4268183,4793,1375,25386,14800,1
97,85,9.3,783,411,3123846,2058880,55983,1218,11237,60104,1
74,98,6.96,527,745,3013293,2479606,13238,503,22025,15053,1
89,88,9.78,606,642,8694859,4928349,51587,1141,46873,6045,0
94,89,5.67,756,444,6925687,3049316,81788,825,39385,19872,0
50,84,5.51,459,364,3944328,1055533,19253,1524,17377,89304,1
65,83,8.29,630,546,7879008,1295844,10708,1038,37139,20235,1
88,96,9.71,524,789,6120010,4683584,34207,1249,18158,21382,1
54,73,9.04,803,738,7221782,1566232,94277,1529,19946,17275,1
71,71,5.38,755,405,5272886,797600,3544,1168,36585,87841,1
78,54,6.4,344,480,4613207,4511572,44136,676,23018,83109,0
52,82,9.65,513,483,9905301,3977454,35032,1488,1757,49893,1
61,85,6.27,358,525,9383409,1495619,42930,1299,35142,50522,1
75,96,8.91,494,388,8150763,1848524,65748,587,2577,91502,1
65,69,9.13,788,829,1824854,1209399,57852,1561,25468,83921,0
86,68,7.48,456,670,8871419,2661813,55312,504,36953,83392,1
71,84,6.93,525,698,4795995,132026,65868,945,31206,17921,1
78,92,7.25,711,405,1108314,1291507,88781,779,35166,16703,0
63,66,6.13,504,570,4508608,3220912,57197,509,12675,1895,1
77,94,9.45,378,802,2593330,2614684,73706,944,43095,30986,0
54,92,7.25,423,824,6830419,745053,57895,753,43315,28288,1
96,83,9.41,770,331,6705949,572167,87641,1142,22354,73528,1
98,58,5.53,517,692,4496208,3129712,14592,716,29850,15440,1
79,75,9.94,815,339,811716,321741,97248,1488,4536,94621,0
95,51,7.22,403,517,2867257,4207930,48894,732,47368,42236,0
54,58,5.24,692,381,7642242,1668800,728,1556,41937,27660,0
61,58,5.19,733,500,7459055,1553971,21360,991,17119,24977,0
65,89,8.73,630,746,1799660,1817737,43823,1182,633,82644,0
75,66,8.3,442,727,6210845,3761531,88535,939,13281,67866,1
75,50,9.01,839,337,445430,2315289,10930,1134,14747,68307,0
97,74,5.53,577,510,9317019,3041301,60092,1020,37037,56698,1
70,92,5.18,532,743,1957845,2854472,80379,1018,19286,70383,0
88,89,7.54,828,626,2605365,154454,23520,1308,18048,16652,1
85,91,6.94,870,526,6412379,4640746,17394,1391,48090,49045,1
82,74,7.31,389,347,8235340,264043,34319,498,10208,14634,1
79,88,9.96,791,317,947405,4847502,74532,716,5592,79165,1
86,84,9.85,498,738,333462,2570079,94193,522,27758,570,0
72,52,9.71,661,486,6442869,4824647,47935,1198,16227,59901,1
59,99,8.92,740,644,3086068,4934374,81104,856,29733,67510,1
54,86,6.77,325,523,2068921,1855733,28841,921,27207,33039,1
85,93,7.06,324,787,3501447,4314388,89368,919,20257,49089,1
83,93,7.75,693,528,5615328,1024391,13266,1316,33823,73178,1
80,79,9.15,806,689,8898834,483006,5425,1116,41341,74467,1
59,87,5.34,600,888,5469919,4184904,20626,714,46348,72217,1
68,83,7.12,638,487,1864694,2894991,79623,1108,43352,66794,1
81,61,5.41,566,569,6571530,83568,29188,1109,40776,73787,1
50,68,7.57,760,609,1907254,3214288,35930,1443,48672,38139,0
54,86,9.49,755,431,5102828,1207442,61893,959,9785,63311,0
94,93,8.91,659,850,231562,1209529,20540,1368,37030,28758,1
53,98,6.14,367,371,9540913,1800228,56631,1553,35158,70395,1
65,66,9.88,711,486,6004214,2333176,90640,1555,19938,79028,0
73,59,8.34,790,785,7033966,1239351,93411,755,46708,90831,0
65,98,5.05,348,490,5690240,971858,9216,1477,11220,56152,1
51,96,6.28,863,721,8458827,481678,39386,1289,9400,49273,1
98,61,6.3,401,419,460306,1439740,87581,1192,33313,6909,0
77,65,5.35,515,519,7665991,2992885,77463,664,27658,10845,1
81,73,9.8,737,352,2824274,4218694,97038,1381,20048,51456,1
76,68,7.39,868,750,1694502,507619,95311,1201,35008,68448,1
69,57,9.48,858,711,1588303,228547,25009,442,10560,74528,1
73,80,6.61,458,536,6082547,561595,48929,1261,20158,77109,1
61,70,5.63,788,705,618490,4431740,83097,1553,35396,43067,0
99,66,7.37,541,721,4329228,2332273,89877,749,6619,95230,1
84,72,5.57,304,546,9749976,2094820,24977,1529,44892,40005,0
82,86,7.43,895,371,2003124,1432533,27627,1311,6781,38334,1
82,65,9.6,660,484,2892537,3849346,98257,400,27051,83030,0
92,55,7.6,758,305,6354887,3868804,59790,983,8016,39698,1
86,57,8.08,547,505,3247887,2335452,4701,831,3131,17635,0
61,74,5.78,865,843,6964684,1403488,63646,452,28084,24562,1
52,67,5.22,721,686,1687542,938252,73397,1339,16481,18034,0
50,74,5.55,314,375,3962163,597073,7527,919,47600,72888,1
82,61,7.99,872,476,7845269,610338,39501,1537,35477,55064,1
89,64,5.48,421,648,4956436,4751330,68050,546,38166,25922,1
59,75,6.88,576,554,7156784,84231,73367,1589,11529,19341,1
92,90,7.75,857,607,8643144,3536185,80318,1562,49609,62782,0
93,94,6.94,752,644,6334408,4155466,59118,1028,5915,14902,1
78,75,5.82,689,426,724773,1860131,56097,698,37137,10639,1
62,96,6.37,593,586,7681002,4698200,7911,1188,11180,38597,1
61,81,9.64,873,895,2117528,2263840,81384,1249,20473,86915,1
80,59,8.38,897,786,1778332,2603050,71186,577,12077,44325,1
95,65,7.48,745,682,1102021,4032529,50249,1241,24784,88357,1
51,56,5.06,509,705,6392357,3123534,74657,1577,46717,90597,1
99,66,9.96,889,687,2285132,3610957,1952,1277,13825,32643,1
84,72,8.36,601,824,9906922,2808610,65213,1538,4300,25379,1
72,75,6.58,522,856,392007,3181856,75702,1158,46889,50868,1
66,70,9.4,302,575,6878519,1090132,79889,1491,8119,73687,0
75,71,6.29,817,799,3028785,1735812,75283,844,10757,42876,0
57,56,7.72,392,636,9858579,3295749,94534,1107,7954,89596,0
78,63,8.18,819,780,4891164,4780554,41955,1001,37553,83730,0
75,64,6.11,727,572,1712119,1672918,89720,544,15186,64378,1
59,56,9.89,792,357,8027532,527200,8805,674,41793,54692,1
75,58,8.74,534,627,8876381,4387987,92706,908,14675,93338,0
83,97,7.79,460,408,6377120,3849973,596,1152,44477,64304,1
90,57,5.9,630,578,4316803,1373864,29593,876,33928,60840,1
56,99,5.27,632,627,9115448,4736429,40644,1576,387,49064,1
53,72,6.6,349,614,9935003,1239003,62666,1527,26618,91783,1
99,78,8.77,822,773,2683677,1970220,20824,1498,7193,78344,1
94,67,6.35,791,410,9360513,3010264,5973,1551,10746,83072,1
60,80,7.7,881,528,243704,782291,15883,1065,30021,5493,0
78,79,8.64,571,796,8554364,3524674,66395,967,42679,31358,0
85,88,5.54,879,455,6831666,1043879,71056,930,21160,71839,0
74,84,8.43,551,772,9855672,2158164,23770,558,3410,32315,0
70,67,5.46,859,571,7991784,3083961,25021,1080,49842,48698,1
85,91,9.83,389,301,7875872,228168,42749,422,25746,70284,1
59,88,7.44,745,810,4814386,158178,85375,1470,45949,59568,1
86,66,5.75,631,585,2496640,68123,44913,924,29456,47007,1
58,63,6.71,438,312,6475247,2218977,12880,1128,38911,60012,0
73,80,7.07,656,797,7094791,1227309,33799,543,38736,10687,1
84,73,8.79,573,537,3378262,2877543,89827,1067,29167,37450,1
98,84,8.72,318,393,8346673,3380698,46074,1080,39974,61607,0
84,93,8.06,610,637,7521473,2332018,75792,1372,28073,18892,0
97,94,5.53,453,470,2016796,725003,66984,1198,48775,52116,1
85,83,5.76,689,866,1386188,2285598,43006,484,12110,60720,1
67,52,5.47,559,766,8922405,4902571,94732,815,45803,95465,1
98,86,7.89,870,442,3185945,4501260,2851,1093,2485,73031,1
88,92,9.39,424,500,4268773,846002,28401,881,34623,36724,1
81,89,7.17,653,479,9289215,1371621,11954,855,44400,29878,0
73,75,5.8,572,663,6737034,1180642,23536,1226,2598,93518,0
72,72,7.79,544,778,8048838,400508,75537,696,40598,14027,1
81,93,9.06,749,864,1884094,1779107,75040,1535,40955,20423,1
86,88,8.71,546,770,339608,46160,81030,1519,3984,9245,1
61,64,9.41,819,683,3762097,29156,4056,1349,39453,33482,1
98,98,6.39,440,716,8837723,2580348,38171,1079,43152,89181,1
62,53,5.97,661,607,8154515,2572688,97945,777,17041,58032,1
72,78,9.4,307,666,4397084,4664126,99977,1579,44773,8522,1
74,71,8.29,777,300,9305774,4161674,28252,820,30555,1747,1
84,74,6.55,651,343,3246243,1824630,4533,504,27917,83128,0
90,62,8.71,794,397,4142942,4924005,4925,729,44872,92255,1
79,67,9.08,726,564,953159,891809,48038,838,26373,68233,1
66,82,8.07,338,439,3998888,4509311,78083,1555,39081,12013,1
98,65,8.44,892,780,995596,747197,92116,781,40707,80225,0
69,94,6.88,486,536,7748392,3818282,71622,537,42723,23458,1
97,91,7.69,895,371,2531129,655649,77927,1342,29049,70573,1
74,93,7.62,899,489,1700720,222986,78817,1242,19670,29961,1
71,51,9.24,392,567,2705327,3353014,89655,669,9778,87696,1
62,84,9.2,385,620,3319598,3648236,70401,795,36332,7911,0
68,91,9.16,343,406,6284546,39777,99526,1312,20969,2694,1
98,83,5.06,436,531,6487958,3412155,92386,863,37810,15859,1
85,79,8.75,720,341,9079219,3837271,93103,849,11293,28811,1
61,62,8.79,373,438,8917164,4624965,10703,419,40795,20093,0
90,62,8.39,847,572,3775049,208110,15386,638,13924,88780,0
68,67,8.78,811,780,6726924,4089430,9337,817,27704,48701,1
61,81,9.21,455,715,6145001,424627,65422,1454,18658,58106,1
58,81,7.35,554,805,5976924,2813089,31226,1527,3630,30506,1
56,84,7.51,470,723,8968958,2385163,36022,585,2115,73229,0
77,88,5.62,469,706,596232,3742517,3783,1551,34446,28556,1
63,95,6.93,621,867,3734183,3301066,88878,652,35863,71935,1
80,78,8.22,866,689,7702242,4894872,89631,418,25575,72789,0
68,98,8.9,755,641,2728973,4763954,49112,1111,32350,77258,1
96,78,6.09,454,792,4012669,1227933,89403,1559,22258,17940,1
65,93,5.69,648,491,9915156,1709547,84586,622,35053,11826,1
54,65,8.32,750,798,4091818,2887597,42720,402,37821,90788,0
84,93,5.01,472,532,8264962,4410131,96529,1253,17974,24152,1
61,96,5.89,309,526,3879044,3119823,49038,627,25738,37,0
74,59,5.15,564,670,6141084,352424,80104,1312,12048,93949,0
70,79,5.83,737,438,5170121,1471659,3514,898,22114,83708,0
85,74,5.91,546,448,350231,2950107,13336,920,695,39052,1
72,88,6.94,845,414,9550124,2060241,44141,1101,15589,98298,0
65,69,7.01,798,749,4835524,3031034,80374,1316,45824,80739,1
88,54,9.37,428,362,3472105,4944349,77659,1562,48849,73597,0
94,50,7.55,626,403,6841499,1166245,34841,690,20068,60072,0
91,79,8.62,703,572,1078935,4936622,31008,1476,6705,73602,1
88,98,5.52,658,305,5367528,168998,56948,1533,40137,29874,0
63,52,6.13,316,446,9519059,1686079,93221,1114,1972,36649,1
80,94,8.51,573,483,2230118,632995,26394,1347,47362,71469,0
54,63,5.26,415,327,520993,3772853,57481,1047,40824,26471,0
84,79,7.43,390,849,3501461,4060230,88291,1427,11442,65130,0
72,99,8.0,381,418,2360791,2013011,86336,1083,31477,8329,1
78,53,8.01,623,592,8734939,1286120,9108,1269,14678,6334,0
92,67,5.11,413,670,4701318,4471918,5994,1470,27819,46639,1
60,86,6.61,357,543,7374324,3383195,96342,493,1869,11269,1
67,74,8.18,453,879,4180790,1818516,93651,1339,18056,70604,1
96,97,5.74,703,517,2852690,966011,52067,959,1729,17046,1
61,50,8.48,565,476,1103510,3667905,42943,612,7633,40742,1
58,95,8.73,614,598,1171192,4035129,16139,835,12044,88307,1
59,64,9.91,340,357,3515473,3771509,44528,1251,6404,42771,0
93,58,6.05,404,568,1960371,802955,9191,907,15733,7888,0
66,64,9.13,492,607,7878512,1276571,92260,1235,18527,98719,0
87,98,7.6,700,869,1671480,1771126,78423,1050,9341,97907,0
56,73,6.87,577,587,3715590,4120993,55699,604,38953,24919,0
95,53,5.61,653,404,2460901,303313,82316,780,22395,35498,1
62,61,8.68,879,527,7338225,4358366,93711,1496,33022,93563,1
89,86,6.18,555,546,3052053,1612525,29087,1499,4103,61010,1
91,86,6.86,398,793,3391987,1727355,17323,476,36311,11930,0
58,92,5.31,887,382,7641714,3956617,83570,1215,19160,61763,0
99,55,9.01,581,485,9279279,3493974,85611,1167,6213,79100,1
76,88,8.83,702,551,4363272,3252792,3436,809,31825,28547,1
51,95,8.67,408,654,9073326,4910318,53332,505,37406,78425,1
54,73,6.5,498,509,5592952,1457922,28943,950,11526,37339,1
78,60,5.87,602,746,6397042,143114,59636,1225,28761,34284,1
86,62,8.19,626,759,4152579,2963718,29060,487,44240,82495,1
87,83,7.48,453,771,7300262,4695942,57558,1280,45269,78171,0
68,74,5.89,851,669,9258173,1897717,52390,1500,27458,84788,1
57,56,8.43,704,791,3984175,694076,53015,1500,48016,46567,1
97,53,9.96,761,436,7825166,3978178,32827,939,10533,85465,0
94,57,8.74,431,666,7789205,149133,30298,644,13519,81992,1
50,69,8.7,383,483,1709425,3819697,43891,977,6477,92681,1
71,78,9.75,698,887,2403707,4549469,21323,1381,19744,28014,1
66,94,6.01,408,586,1098899,1472597,35740,1116,1005,52133,0
56,95,7.83,520,771,5562610,280001,9720,541,43055,87413,1
74,59,9.9,852,674,2198729,4627631,79554,1292,37486,92499,1
94,92,5.83,667,836,7337310,3407570,8315,1507,3272,28085,1
53,83,8.5,446,810,1920844,1409298,93832,1566,45483,21144,0
85,75,7.93,411,878,1051302,4157413,75165,751,210,91628,1
55,90,7.93,857,549,7668538,792409,77029,944,25464,14180,1
80,98,8.49,793,809,1220803,1727826,36114,1312,5540,98344,0
68,52,9.65,804,372,9393720,2451724,15358,551,49306,58727,0
93,55,8.91,774,581,7239845,4854636,98866,1581,19978,10223,1
88,54,5.28,570,659,7687973,723391,20366,1052,8607,59966,1
76,54,9.26,720,309,250653,4709654,39030,1357,44385,64069,0
59,96,6.13,666,510,2588144,347164,1738,1162,34053,23950,1
75,72,6.88,579,451,6062413,3184209,74633,1023,3149,16117,1
68,98,7.31,582,304,5227319,2773779,85475,1055,33537,51053,0
88,58,7.4,339,494,3583978,2868214,78219,849,5608,51370,1
52,84,7.18,488,582,6042654,2244967,27500,1120,19587,48818,0
94,69,9.69,463,763,5939741,2030880,46158,442,29251,83204,1
62,98,8.53,835,412,5188539,2811285,56248,663,18595,74312,1
99,91,8.16,835,570,7035426,2426338,41035,1426,7400,29656,1
77,84,5.25,303,462,5880554,4253780,295,995,25118,57803,0
69,99,9.52,589,759,8874821,3903193,98073,1439,33127,47633,0
77,67,9.55,732,404,5397340,2827754,24597,1482,33618,14194,1
57,66,8.9,770,855,2596589,2791460,98186,1412,7499,80213,1
90,73,5.04,480,581,516690,1265959,11435,576,37291,30777,1
88,52,5.29,547,461,9652559,4273397,58383,462,45542,43226,1
50,81,6.13,578,650,3096244,2123687,38099,1357,9629,60011,1
52,84,5.66,880,733,9366359,1629426,4656,1402,330,82736,0
62,87,6.99,553,439,5459462,4460627,83030,960,38620,65452,0
77,62,9.61,480,770,7938941,2366068,46229,1354,7033,48813,0
98,96,7.36,808,431,9411034,2148421,3772,1249,48095,80603,1
74,74,5.07,865,386,778066,930631,74100,1003,38035,18896,0
82,58,6.41,625,482,1977779,295291,56800,1005,37123,65783,0
87,53,5.22,656,667,1725199,2545896,62258,1229,20623,21210,1
55,63,5.18,690,428,1901951,1659959,17559,1145,28585,82337,0
93,86,6.38,384,545,8541557,3880019,99469,957,47851,61808,1
94,83,6.38,616,877,9497868,2198077,58437,463,4723,23087,0
81,60,8.94,511,677,8328736,4794973,92104,1341,17773,85638,0
94,90,9.87,814,448,889148,3779484,32377,648,20570,82028,1
96,52,6.86,683,732,8440791,1300906,87459,1339,41680,27208,0
70,77,7.14,641,768,8472602,1445367,77925,556,3236,20898,1
65,78,9.22,337,745,7108642,1550450,29333,1134,4577,63084,1
70,58,6.34,810,780,3921301,3731040,46738,1384,26708,95029,0
60,52,5.78,719,593,1408166,1699576,89032,1511,33869,66958,0
86,74,9.27,468,442,6292357,3256849,73971,1489,41633,97552,1
85,83,5.23,642,549,9611878,275976,51953,1061,41477,78507,0
84,61,8.1,605,601,2611019,1615196,20992,1443,30286,7284,0
68,91,7.81,841,324,1430728,4216771,27473,432,24155,94025,1
69,58,6.73,836,369,1129242,1055851,59947,957,20055,81482,1
67,64,6.58,411,411,2267626,87994,26850,472,17166,256,1
96,89,8.86,710,663,3808201,4298506,1542,1224,14440,76556,1
90,74,5.43,505,602,8838676,2674921,2766,1556,44519,15488,1
98,54,6.18,484,770,7383377,3551525,43075,1478,22516,19347,0
63,60,8.66,681,390,7117955,1444730,29284,460,26963,35051,1
64,83,7.74,795,829,2838384,4649158,770,671,42550,8745,1
80,73,5.64,678,491,504911,3803730,17807,645,37764,24757,0
50,64,9.41,346,851,2608164,4081650,90519,1599,44755,61597,1
52,87,6.97,850,541,3419343,4364489,2973,1027,45279,83398,0
65,57,9.14,827,437,6274943,1968615,18257,1104,19465,25147,0
72,54,8.94,803,644,1269070,988534,18654,1061,42037,55033,1
60,97,8.12,321,479,271277,4478262,86670,1554,30414,42688,1
61,75,7.47,512,802,7451548,2379320,39340,1525,33271,46104,0
59,67,9.9,609,502,1461212,3874376,25758,709,42300,21977,0
81,55,5.72,571,872,5980926,905668,42400,894,20270,62864,1
65,86,8.63,870,491,1703344,2689276,44014,737,31542,592,1
57,97,5.96,501,304,6662865,1328155,97606,978,8010,6278,1
87,62,6.69,331,536,7029909,994588,14707,409,17008,61861,1
61,77,6.54,742,610,8213649,4459399,38232,448,26463,2261,0
73,54,9.74,461,848,1481710,4012761,27910,1022,11543,65884,0
77,62,9.84,553,355,2691822,491632,76632,1130,17435,24742,1
57,66,5.92,820,742,2157797,1319752,57573,1194,29766,37212,1
77,99,5.11,779,536,9290426,4041103,85880,1370,23770,41543,0
85,89,8.6,309,496,4515239,539954,63768,532,22466,6870,0
75,94,7.09,804,884,3201373,4060807,26470,482,21869,93619,1
57,81,5.44,859,870,2900174,3023337,1314,456,20157,87617,1
99,78,8.42,735,813,973420,1421910,7848,775,20301,64733,1
77,52,7.73,410,748,6102024,1421188,50223,748,13436,94516,0
77,89,9.9,452,659,8981111,4071367,74703,670,4115,19423,1
86,83,6.14,401,329,4512903,36505,9931,510,46337,35614,1
90,89,7.02,490,407,2665820,3716729,3286,1268,36136,57017,1
85,76,7.71,862,744,5934611,1660375,35864,1286,8096,60111,1
76,62,8.96,380,737,5634448,1885530,16705,475,37910,88530,1
66,94,7.74,788,756,6432961,222204,18706,1581,3952,77923,1
58,82,8.06,387,794,8469597,538168,556,728,21469,34034,1
82,55,6.13,493,546,7542510,983215,21324,521,27074,45214,1
69,73,9.23,403,842,7502731,577827,70969,440,47656,61994,1
62,68,7.14,395,863,1044461,2347208,66923,1590,34342,12939,1
77,65,5.7,722,887,1567256,1277633,53916,1321,46128,76696,1
97,89,8.32,497,738,4449025,3694815,10620,1041,2769,2275,1
78,77,6.08,300,577,7212646,4712104,72391,1446,38071,84391,1
62,82,5.49,706,851,4430972,2036182,59275,678,46515,31816,1
95,97,9.31,677,410,8767126,4648246,73174,1162,33980,76019,1
84,90,7.3,466,684,7034430,58784,21226,868,25352,18962,1
55,62,8.75,808,490,3511647,2220186,26740,408,15446,20045,1
67,92,6.45,612,789,7825976,2541196,47709,412,48584,99373,1
54,94,8.93,892,725,7198917,3210090,53020,1323,1161,21976,0
96,74,5.56,717,704,2805421,63997,76155,1322,22362,14707,1
74,91,6.78,776,634,9852967,2100053,7374,1475,7042,5975,0
51,85,9.89,372,508,9651194,4385717,35282,1474,18768,76465,0
59,76,8.97,440,321,5898273,810981,20188,1052,10847,21214,1
79,87,7.49,881,507,8895492,2950504,67864,1020,38645,1951,0
99,56,6.7,561,307,8635640,4944990,97928,595,19925,85014,0
94,54,9.36,639,828,7042263,1472108,84086,816,45658,10412,0
54,92,7.72,607,465,4752124,4753216,39221,1063,13883,87232,0
82,94,8.79,544,795,1462516,580993,7643,547,14739,46157,1
50,80,8.77,814,889,2475100,1260469,79972,1400,21020,62745,1
67,72,5.09,636,728,5327541,4087348,55557,763,1096,17772,1
81,91,5.63,874,462,1818562,4904450,33761,801,38670,69811,0
96,59,8.3,860,665,2356356,2183577,38193,1005,40984,35054,0
98,81,5.81,375,825,7315409,2603449,4382,628,45680,52077,0
60,92,6.28,474,538,1429785,1598858,96584,936,14124,7046,1
70,79,9.73,408,371,7279391,1028543,19559,667,28133,57624,1
75,88,7.8,482,744,4399376,4316219,30783,1434,1080,29715,1
74,80,8.75,491,808,2861642,395105,4783,525,29658,34387,1
71,67,7.79,364,568,4383664,3435077,91418,705,45279,8563,1
76,85,7.76,773,714,9180961,4523125,54713,1512,32376,55049,1
98,51,5.47,399,544,4981539,4237234,94946,1027,24755,93296,1
62,63,6.72,843,359,5064948,1131889,19463,1088,31154,12027,0
82,62,6.41,427,305,2858566,759211,60031,1437,18345,31590,0
83,78,6.95,751,869,2428033,3268881,68520,680,34242,97275,1
90,61,8.99,668,706,1255933,3641453,56412,842,37657,26845,1
84,88,6.86,342,516,9978917,3960476,55207,1236,4980,23448,1
50,51,7.26,718,325,8275576,2003384,97470,788,1213,90416,1
70,81,6.99,787,304,7266276,2195028,46951,1016,9002,77503,0
97,62,5.47,377,831,7791332,4813958,2524,546,13249,83269,1
55,95,7.21,569,689,7159903,547691,60927,920,33188,54709,1
77,76,5.98,614,870,5541039,3497924,9678,1029,15609,63926,0
66,98,5.93,467,747,6177234,782838,75829,833,36428,70826,1
54,90,5.47,638,445,294152,271420,15090,543,31369,51575,0
80,66,6.78,492,687,2028356,487843,4582,688,5284,85549,0
54,89,8.79,752,548,4897927,4539943,11908,413,25855,18813,1
87,80,6.38,582,825,9301352,2270156,5610,656,10716,55310,1
52,83,6.56,635,761,3219812,4562538,51154,1257,16166,64231,0
72,73,8.21,689,312,3900760,4600905,50540,1342,34109,41629,0
86,94,5.98,824,683,1075112,1835260,44144,1595,26798,40582,1
86,84,9.48,539,855,4133123,2075306,22937,863,47574,46629,0
59,97,7.6,782,698,5514229,4785833,50183,669,10585,88629,1
59,55,7.24,891,318,655839,3857593,99525,1575,14781,25106,1
68,68,7.79,854,874,714101,4197694,95043,1022,37906,79831,0
66,79,5.83,757,790,549813,1222980,13164,471,21574,69158,1
70,56,8.07,388,718,8327489,3109834,59759,473,33360,32443,1
63,59,6.82,394,636,5247501,1265973,46058,754,527,87236,1
58,90,9.49,751,718,5221632,3574507,12538,896,7856,2348,0
95,81,5.84,727,421,5996721,4309489,22420,1387,43464,95023,0
50,83,7.54,450,731,651238,3192132,42579,979,34061,47651,1
94,77,7.99,813,343,5995038,4259486,74992,1309,29483,17111,1
62,64,5.17,675,616,3743488,3450863,74600,772,16572,62171,0
53,79,6.82,321,680,8488823,4907327,835,761,31741,4924,0
50,86,8.66,612,444,2995107,3048783,32215,492,19143,51802,1
98,78,9.1,818,626,5149425,3381189,92935,723,25105,62772,1
89,71,6.57,505,662,8007386,1882508,2414,783,8626,81148,0
81,53,8.99,674,349,1117375,2927369,9506,974,39200,48136,1
83,69,9.84,750,364,372544,4812738,2106,1135,15927,19200,0
77,81,9.28,894,654,634633,4776589,68105,1136,31219,9067,1
80,85,5.59,478,463,5376776,154375,58409,745,44473,52137,1
57,99,8.7,509,440,1963907,4239491,37680,1526,26381,92291,1
88,53,6.6,799,427,9303269,667253,99097,1118,20567,36576,0
75,76,9.94,763,697,9804911,3193818,79732,1180,33206,89797,1
83,66,7.43,423,762,9411009,3089578,65132,1419,43549,46734,0
52,61,5.61,412,486,1220113,1528560,64281,1063,29718,16992,0
99,71,8.63,311,489,4692087,1904420,15763,999,49985,22554,1
61,66,6.62,425,687,5193388,551797,58704,410,41757,89711,1
50,59,9.99,864,728,7060145,4272957,81435,586,25136,87494,0
93,50,9.9,630,583,6115948,702289,63080,1125,28165,635,0
54,71,8.28,582,536,3579664,3547498,21578,1438,8954,95418,1
79,75,5.65,439,493,4745289,1806218,1215,1177,38563,12772,1
79,67,8.43,700,586,8993518,3694032,86340,810,3575,18299,0
66,99,5.47,396,435,9111698,2394318,48115,1355,20170,79877,1
97,63,5.15,816,470,2129341,562226,89235,984,21605,98893,1
96,96,9.11,868,458,3117465,270710,63231,1475,24135,36000,1
72,78,6.05,368,500,2502114,1290896,32981,1451,49070,71888,1
64,61,6.9,417,786,1869617,2050403,67195,976,23203,59649,0
86,85,9.87,358,856,2948039,3813074,77807,1440,685,62669,1
70,84,6.68,332,882,9126117,4156226,37793,1388,37002,69375,1
63,61,6.48,617,803,5469337,948193,45808,1142,49730,67510,1
51,56,9.59,349,670,980432,1415419,22302,1527,45766,75784,1
60,78,5.55,788,402,8955603,3872012,5142,603,8008,44441,1
88,60,8.8,318,424,6327740,1553103,13778,1476,49380,31656,0
87,82,9.94,496,612,7957997,3517145,38347,1373,35097,43040,0
83,55,9.51,749,757,7240782,1788244,54704,1339,41788,55256,0
87,96,8.26,858,529,4984299,3912216,94978,1477,49583,72220,1
99,64,6.57,751,496,4039625,4792337,47820,1454,9256,54990,1
83,81,6.27,588,722,1729618,3151537,28470,1558,32263,11245,1
67,60,9.1,440,871,3474775,1190859,3846,1481,18094,94595,0
79,72,9.4,383,470,6083359,4597749,23291,504,5783,58596,1
64,75,7.63,690,681,7794867,3536844,30700,652,1235,39552,1
76,83,6.22,890,472,9731130,1990425,44253,694,37974,63231,1
83,95,5.56,514,752,2668101,4760411,98683,1067,34189,28372,0
87,83,5.44,825,649,9454933,1471742,3294,1581,31997,69359,0
82,78,8.6,514,793,1397776,2951616,57090,948,29205,28879,1
73,53,7.1,702,303,7746638,2484370,16609,1030,17153,36158,1
64,66,9.53,427,392,5797478,2088937,66274,1490,42365,5915,0
79,84,8.7,776,305,3802590,3751372,16620,698,25020,83701,1
91,62,5.96,703,587,9972310,537340,78007,500,19489,27181,0
66,90,8.07,328,445,5547483,1365097,87909,1479,37124,3689,1
54,88,7.18,637,723,8118205,2065397,81654,731,19690,80220,1
78,64,7.89,660,756,5028476,1257486,14780,1235,28507,78617,0
53,78,8.69,868,501,3986613,2437115,51041,792,17716,96490,1
59,78,9.03,691,511,4110442,1958697,94831,1273,41030,9917,0
66,60,9.22,517,305,3404860,1089037,56326,780,13766,56364,0
59,81,6.27,873,675,8822856,3962910,21631,491,21943,95214,1
66,51,5.16,501,746,8196297,4161951,12179,846,38713,27361,0
69,96,8.7,316,405,5820673,3165200,19936,508,39895,37806,0
73,63,5.53,621,700,761440,865695,47259,716,49633,13454,0
54,69,6.57,817,395,1293502,122036,22785,1591,38032,22704,0
83,71,5.02,869,687,7114511,4392978,63723,841,20479,59022,0
55,60,8.41,624,751,8122417,2394819,23028,617,22552,74177,0
51,76,5.84,711,715,3429782,3841854,96545,1072,48069,94800,1
62,52,8.28,617,803,6956825,899694,57854,677,28073,98386,0
92,66,9.96,381,753,5216176,600348,67360,1408,35562,81615,1
92,93,5.36,773,590,9243589,2770911,72389,968,2893,88920,0
97,77,5.39,767,833,481325,1381446,78609,1409,33967,81073,0
60,78,6.7,724,492,9302134,3434404,76670,1274,24396,7411,0
96,70,9.33,503,449,1063544,919121,15112,865,18757,81463,1
72,96,6.08,882,814,2526062,3631301,32313,1238,22175,48269,1
65,65,6.8,686,692,8309517,2150314,24162,1153,34652,34249,1
80,86,5.34,397,615,7595095,4076981,67314,1237,798,31160,0
60,69,8.82,644,375,6130613,4477801,50375,429,8210,42040,1
65,55,7.04,507,898,9094359,2219465,24015,758,41004,47801,0
57,68,8.8,813,569,8962264,2135629,80309,485,49307,40762,0
53,54,9.52,885,524,1058379,2193525,46390,1146,21347,94627,1
89,52,6.16,465,829,5368961,4084669,18162,712,48026,86104,0
53,50,9.04,321,412,4127187,703464,7491,764,28025,43664,1
74,87,5.3,453,550,5988852,728730,24503,1304,29415,80904,0
52,64,9.49,738,532,7238780,1587415,35758,1097,40819,40413,1
81,83,8.25,594,382,6426981,4272663,41112,530,5948,35368,1
52,84,9.37,518,424,106464,3603824,98274,1202,9618,5814,1
76,98,5.0,794,474,3825530,4678223,83246,1188,20705,59895,0
78,74,5.85,529,368,1261140,1368356,58646,750,28703,51445,0
81,73,6.95,319,346,9907375,1525719,59056,579,1893,34270,1
99,61,6.9,852,555,3713163,4151426,8999,1586,29755,61749,0
68,67,6.13,447,329,6585671,826117,28907,1519,3425,41191,1
70,64,6.91,407,580,5890233,847566,70193,1173,42219,40319,1
54,93,5.64,702,536,365039,1166543,50478,909,13419,37019,0
67,65,7.06,895,547,9880187,104455,36902,764,29887,39760,1
77,76,9.01,782,667,2176259,1519639,91272,1380,34784,16499,1
91,57,7.4,666,794,5261545,1233981,52022,752,23058,25990,0
71,95,5.09,713,324,9549146,2346798,29093,1199,4834,25569,0
70,74,7.11,608,885,6424758,4394241,1243,1506,9895,66578,1
55,66,5.14,433,789,1496102,2579464,1832,811,48711,30100,0
50,78,9.83,582,793,104011,2168344,50722,1134,41834,89901,1
54,57,5.64,372,613,2064724,845165,28512,1380,566,40640,0
90,64,8.54,780,674,8921549,3390889,72783,517,40181,23483,1
61,76,9.86,651,324,2808685,1744428,97004,881,18403,69213,0
75,95,9.13,859,633,6914285,3832069,18303,591,42846,55262,1
95,99,8.5,625,654,703151,4490591,55569,990,10316,87318,1
83,56,9.2,742,415,7472801,2053683,3233,989,12835,30049,0
98,52,9.91,399,347,7464732,3154787,51508,1058,2315,3066,0
63,78,8.11,358,398,8211184,2822789,76509,506,37181,2037,1
75,93,7.8,807,758,7385387,3262772,10684,781,3884,35815,1
94,73,8.14,557,822,5202367,1563749,23665,1182,44153,59695,0
76,52,7.66,712,896,4600328,2288214,33173,789,10052,16925,1
58,69,8.18,751,704,4408307,466104,83642,643,40985,60205,0
75,95,7.25,364,513,4544910,2176503,64341,984,11696,32845,0
96,64,6.09,894,802,831636,244085,87237,1268,23124,81944,1
71,74,5.6,453,747,6581093,768171,11018,867,7903,21519,1
96,79,5.34,565,875,786290,508095,36614,1265,45956,17060,0
79,63,6.32,378,557,7653925,2177461,86131,1333,17574,23053,1
92,56,5.23,614,420,3316662,4890397,76921,1003,29375,69804,0
97,66,7.84,859,353,6971574,1177732,30349,1414,12289,71525,1
66,93,6.42,547,630,2464825,2445296,16449,1496,46979,93511,1
75,69,9.12,713,540,2280139,1500424,9492,1259,6885,89573,1
85,85,5.37,324,829,3819194,31576,78649,412,10560,8681,1
50,58,6.13,583,782,3383737,3683336,96558,698,18126,67022,0
57,87,8.65,748,486,1532672,2773262,58760,1499,3689,80250,1
98,97,7.99,600,561,664174,2734442,44554,1474,23870,20044,1
84,71,5.32,367,663,1722563,3340263,969,1186,46883,2420,0
64,51,9.39,306,790,5957846,3675842,369,548,38138,56893,1
96,73,9.39,436,730,6941023,2747968,73961,521,44707,17141,0
71,57,6.65,463,538,2565596,2801338,35011,937,4024,43485,1
63,60,6.7,382,603,7818454,2196203,54155,1579,48751,63870,0
75,62,9.95,719,597,4505113,2921451,35852,775,17101,45211,0
77,66,8.13,372,375,1513967,3347031,25497,481,36736,57601,0
72,57,7.66,536,632,3487990,2310457,30937,891,7424,78498,1
63,70,9.19,345,773,5166447,3462550,78859,755,39219,6488,1
73,67,6.43,561,582,7818221,3955123,67006,1324,12214,60693,0
51,79,7.15,475,890,6956604,2564728,37494,1467,35984,62113,0
94,67,6.34,465,371,2719222,4778026,69796,1404,33159,31111,0
75,95,8.95,669,562,2035772,2173769,36391,522,28461,16361,1
63,96,7.87,353,874,6498497,4093501,10293,1107,31018,49411,1
56,80,8.29,718,311,4668672,4846161,92378,729,33001,90419,0
52,87,6.26,806,440,2522952,1790248,28366,1390,26503,83039,0
96,81,6.1,640,854,3322018,2618026,17208,722,30991,73168,1
72,60,7.44,426,316,7496665,4805817,22913,1534,19516,3018,0
95,94,8.69,708,362,1961663,2190019,80772,1169,29992,86262,0
92,74,7.63,666,552,5463998,789957,56573,1512,7635,60125,0
96,82,5.16,570,764,9540298,1923980,99084,832,11499,90299,1
94,87,9.34,678,675,149768,1517394,19277,1109,10917,50950,1
67,90,5.32,372,819,5267373,2989845,97460,1193,29378,58269,1
87,57,9.78,547,389,2363557,2722188,5535,1111,33002,66321,0
84,60,5.13,342,474,2200326,264265,92006,1522,1392,93557,1
64,71,8.47,676,375,8606377,4723797,35671,938,43853,81302,0
74,73,5.41,340,699,397542,920913,62148,1000,42216,31128,1
86,90,9.55,469,370,2626297,2067017,98100,1569,14185,3197,1
77,66,7.32,511,479,5728573,663817,36487,656,27115,75089,1
59,61,5.69,792,423,8191363,1006433,65558,1270,11883,41301,0
88,95,6.7,338,680,5061172,2045286,34269,1298,47607,49715,0
66,81,5.82,668,592,1028864,2591505,81336,1208,17274,31922,1
88,64,5.85,450,494,6008553,4118949,26337,1076,40671,4747,1
71,65,9.74,410,527,6608526,4886691,3642,670,45648,68536,0
75,71,7.23,779,730,8240594,4684071,87133,949,17130,65351,1
93,77,8.94,735,735,9420383,4213887,32960,1537,42680,50346,1
74,69,8.2,346,760,2566511,4778979,13307,967,428,49221,1
66,82,8.38,874,320,3395784,1507850,46183,1385,31417,81132,1
62,59,5.66,665,363,6535389,4046480,74124,758,732,22064,0
69,89,6.17,368,464,7522235,956803,56327,1592,800,71737,0
74,81,8.93,598,326,4234608,3496444,96896,1197,28874,88914,0
53,99,9.85,595,610,7632351,4020088,21499,1286,7026,78947,1
59,82,6.31,502,584,1348749,2105598,70199,610,14482,45972,0
52,51,6.36,360,580,776337,4883014,27198,686,25412,3599,1
90,82,7.36,613,463,2123553,478298,20720,1142,31359,10565,0
94,82,9.92,460,523,2196419,4013031,90202,1446,40393,96435,0
67,90,6.34,630,445,7266065,4340453,25033,1532,14962,49726,1
96,62,7.03,827,329,3842918,580303,59625,695,21768,86135,0
85,79,9.46,637,344,644344,998651,78178,405,41001,59941,0
96,82,5.01,603,770,1287030,3327657,41965,949,36136,62086,1
71,62,5.2,802,333,9592923,4960860,30029,1080,21393,17863,0
83,75,8.02,637,726,8308149,3346640,54647,1194,13263,10266,0
96,71,9.54,849,520,8537247,4198695,81188,602,5230,9706,0
57,88,6.19,574,833,6830713,2670891,8537,724,23773,55280,1
89,51,7.35,463,666,9085290,4626167,56748,1224,18800,62472,1
98,87,7.25,742,849,4624105,569119,45713,643,46516,91081,1
93,88,7.36,618,881,1980164,1973957,6274,726,23556,79835,0
68,75,8.11,888,415,4476751,2352094,71821,1386,26617,62980,0
91,95,7.35,803,538,4969236,2202271,91229,1470,19334,55829,1
90,99,7.24,686,634,480069,2855376,74354,1160,4262,98207,1
86,64,7.37,793,740,210957,3966558,94492,1436,3467,46105,0
55,83,7.95,789,447,4834071,3741570,92092,1306,46554,40935,0
75,91,7.69,372,308,4413696,3042362,85915,764,3089,6051,1
83,93,9.27,808,587,4954487,1211988,50831,472,45784,43953,1
94,98,5.25,689,687,2977668,1600346,17128,1469,1116,86571,0
55,89,9.17,594,349,5544408,4444921,83489,673,4579,8485,0
86,60,9.22,668,816,9294625,3264449,11540,607,2591,62649,0
